study_id,id,age,Sex,thresh_TaskA,thresh_TaskB,dprime_TaskA,dprime_TaskB,c_bias_TaskA,c_bias_TaskB,H_corr_TaskA,H_corr_TaskB,FA_corr_TaskA,FA_corr_TaskB,mean_Arousal_TaskA,mean_Arousal_TaskB,mean_Confidence_TaskA,mean_Confidence_TaskB,Awareness_TaskA,Awareness_TaskB,MAIA_total,MAIA_AttentionReg,MAIA_BodyListen,MAIA_EmoAware,MAIA_NotDistracting,MAIA_Noticing,MAIA_NotWorrying,MAIA_SelfReg,MAIA_Trusting
1,590741365905400001ef09ec,47,Male,0.1875,NA,1.147278871188349,-0.3116672524784494,0.10085031460190724,1.4373851917838256,0.6818181818181818,0.05555555555555555,0.25,0.1,30.133333333333333,33.25,49.2,49.75,-0.021912408566100935,0.21320071635561044,147,4.4285714285714297,4,4.7999999999999998,3.8333333333333299,4.5,2,3.75,4.6666666666666696
1,594abd98215cbd000146debc,52,Female,0.575,0.3918533903528802,0.44460563261684966,1.8710073633943793,0.45218693388765685,0.34604788384741114,0.4090909090909091,0.7222222222222222,0.25,0.1,25.466666666666665,25.25,32.86666666666667,38.166666666666664,0.12472355292366712,0.1878457070271191,124,2.8571428571428599,2.6666666666666701,4,3.1666666666666701,3.5,3.3999999999999999,3.5,4
1,597fe89a1b41a20001749f57,43,Female,0.375,0.40399974654834403,1.855783248092906,2.874770383567651,0.45510250305418576,-0.1558336262392246,0.6818181818181818,0.9444444444444444,0.08333333333333333,0.1,25.4,24.083333333333332,32.93333333333333,30.083333333333332,0.5369538091066868,NA,114,4.1428571428571397,1.6666666666666701,3,2,3.25,3.2000000000000002,3.25,3.6666666666666701
1,59d793bbcfaf74000161143e,25,Male,0.1875,0.280228961720355,1.6128782446798708,0.3116672524784492,0.5765550047607033,-1.4373851917838254,0.5909090909090909,0.9444444444444444,0.08333333333333333,0.9,28.333333333333332,32.666666666666664,35,35.25,0.402288524819222,-0.15609446573630514,140,4.1428571428571397,4,3.6000000000000001,3.3333333333333299,4,3.6000000000000001,3.75,4
1,5a280910e5bd400001e19ebd,24,Female,0.42500000000000004,0.5031117532860174,0.9582869890112268,2.248973131646302,-0.2687151002576887,0.15706499972144972,0.7727272727272727,0.8333333333333334,0.4166666666666667,0.1,22.733333333333334,30,49.53333333333333,47.333333333333336,0.23795431715623808,0.040841850030676544,119,3,2.6666666666666701,3.7999999999999998,3,4.25,2.7999999999999998,3.25,3
1,5a85d403ae9a0b0001a9ec8c,24,Female,0.25,0.3740560203441397,2.130852721863941,2.248973131646302,0.31756776616866833,0.15706499972144972,0.7727272727272727,0.8333333333333334,0.08333333333333333,0.1,11.6,17.916666666666668,39.8,36.166666666666664,0.1312484225044019,0.5508026978000301,121,3.5714285714285698,3,3.2000000000000002,2.1666666666666701,4,3.6000000000000001,3.25,3.6666666666666701
1,5aa2569bdbdb470001ef3335,44,Male,0.625,0.4156852668969547,0.2623607267443424,0.4430210533936607,-0.341608757620096,-0.745911039404871,0.6818181818181818,0.8333333333333334,0.5833333333333334,0.7,26.933333333333334,26.25,40,40.916666666666664,0.3589743589743589,0.6342077334350044,97,2.28571428571429,0.33333333333333298,4,3.6666666666666701,3.25,2,2.5,1.6666666666666701
1,5b914a5f02a76000015c72d4,33,Male,0.25,0.3112203545560922,2.130852721863941,2.117619330731091,0.31756776616866833,-0.5344091526575047,0.7727272727272727,0.9444444444444444,0.08333333333333333,0.3,23.933333333333334,27.25,40,37.5,0.4287172755821407,0.26824868797872947,117,3.5714285714285698,3.3333333333333299,4,2.1666666666666701,3.75,2.3999999999999999,3.5,2.6666666666666701
1,5b9aed646a11180001a8082e,39,Female,0.235,0.40094713655010744,1.3072319563414383,2.248973131646302,-0.4431875839227944,0.15706499972144972,0.8636363636363636,0.8333333333333334,0.4166666666666667,0.1,26.533333333333335,34.583333333333336,34.13333333333333,29.666666666666668,0.4716719843704464,0.4342164036683346,102,3,2.3333333333333299,4,2.1666666666666701,3,2.3999999999999999,2.75,2
1,5bad4be8b712f30001b87947,37,Male,0.32499999999999996,0.4862129477128985,0.9582869890112268,2.248973131646302,-0.2687151002576887,0.15706499972144972,0.7727272727272727,0.8333333333333334,0.4166666666666667,0.1,12.4,18.833333333333332,39.266666666666666,42.5,0.2795901486046382,0.4399728854695249,96,2.8571428571428599,1.3333333333333299,4,2.5,3.25,1.6000000000000001,2.75,1.6666666666666701
1,5be0a4f8c83f480001a9d302,21,Male,0.06,0.33997428231183724,1.855783248092906,2.874770383567651,0.45510250305418576,-0.1558336262392246,0.6818181818181818,0.9444444444444444,0.08333333333333333,0.1,21.333333333333332,24.5,22.466666666666665,25.333333333333332,0.18006198671638082,NA,112,4,2.3333333333333299,4.2000000000000002,2,3,1.8,3,3.6666666666666701
1,5c07f9ce7ce1dd0001a4efec,33,Male,0.5,0.38683330357420104,0.6832175152401919,0.06505528514173786,-0.13118036337217126,-0.5569281552789096,0.6818181818181818,0.7222222222222222,0.4166666666666667,0.7,23.133333333333333,22.083333333333332,31.2,37.166666666666664,0.5073180776660655,0.5241424183609591,145,3.71428571428571,4,4.5999999999999996,3.8333333333333299,3.25,3.3999999999999999,4,5
1,5c0e4e3d87e876000151cfec,30,Female,0.2125,0.377052255291684,2.130852721863941,1.491822078809742,0.31756776616866833,-0.22151052669683036,0.7727272727272727,0.8333333333333334,0.08333333333333333,0.3,32.733333333333334,19.583333333333332,37.666666666666664,38.583333333333336,0.07056546268368187,0.386303779878003,139,4,3.3333333333333299,5,1.3333333333333299,4.25,3.7999999999999998,4.25,5
1,5c129cc7ba99dc0001f0b628,NA,Female,0.375,0.3866931161543557,1.147278871188349,2.248973131646302,0.10085031460190724,0.15706499972144972,0.6818181818181818,0.8333333333333334,0.25,0.1,30.4,32.666666666666664,32.93333333333333,37.166666666666664,0.4188241390967921,0.2991278183021033,96,3,0,1.6000000000000001,3.1666666666666701,4,2.7999999999999998,2.25,3
1,5c17c149f596b100011ca8b8,32,Female,0.6,0.38557879337995465,0.8863751678455887,1.1138563105578192,-0.6536159781707191,-0.03252764257086893,0.8636363636363636,0.7222222222222222,0.5833333333333334,0.3,22,26,32.733333333333334,33.5,0.34151119037333094,0.606976978666884,125,3.5714285714285698,3.6666666666666701,4.5999999999999996,3,3.75,2.2000000000000002,3,3.3333333333333299
1,5c19da4c5ead950001bdbe86,67,Male,0.1375,0.37277844328862825,1.855783248092906,1.491822078809742,0.45510250305418576,-0.22151052669683036,0.6818181818181818,0.8333333333333334,0.08333333333333333,0.3,27.066666666666666,19.833333333333332,29.333333333333332,27.583333333333332,0.07157479178923352,0.3809732979555766,86,2.28571428571429,0,2,3.5,2,3,2,2.6666666666666701
1,5c438a46dc3ef30001b0a5f6,20,Male,0.49375,0.47020539705396713,0.4223138118974318,1.491822078809742,-0.8856466561447975,-0.22151052669683036,0.8636363636363636,0.8333333333333334,0.75,0.3,19.066666666666666,12.583333333333334,45.266666666666666,39.583333333333336,0.33423406199072564,-0.23729871388536955,102,2.4285714285714302,1,1,4.8333333333333304,2.75,3.3999999999999999,1.25,5
1,5c4c747aa123930001ac124f,23,Male,0.3,0.3928023879022782,0.6832175152401919,1.0688183053150093,-0.13118036337217126,-1.0588096653655454,0.6818181818181818,0.9444444444444444,0.4166666666666667,0.7,32.333333333333336,31.75,35.2,32.583333333333336,0.4956005912946878,0.37286146807932735,124,3.5714285714285698,2,3.7999999999999998,3.3333333333333299,3.75,2,4,4.3333333333333304
1,5c59866b2e4cc90001d08a07,27,Female,0.2875,0.36171122120599897,1.4801932353369736,0.06505528514173786,-0.9505250119164116,-0.5569281552789096,0.9545454545454546,0.7222222222222222,0.5833333333333334,0.7,24.6,23.583333333333332,42.53333333333333,35.083333333333336,0.21905755385584458,0.30875584663635536,114,3.5714285714285698,3.6666666666666701,3.3999999999999999,2.6666666666666701,3,2.6000000000000001,3,2.6666666666666701
1,5c6400cbcb937d00012d8866,35,Male,0.42500000000000004,0.36112661086513026,1.147278871188349,2.874770383567651,0.10085031460190724,-0.1558336262392246,0.6818181818181818,0.9444444444444444,0.25,0.1,24.4,27.083333333333332,37.2,36.833333333333336,0.41437618936817605,NA,119,3.5714285714285698,2.3333333333333299,3.2000000000000002,2.3333333333333299,3.5,3.6000000000000001,3.5,3.6666666666666701
1,5c66cc9246bfc200019044b8,32,Male,0.7,0.2698783157265397,0.44031251182715686,0.06505528514173786,-0.009727861665653731,-0.5569281552789096,0.5909090909090909,0.7222222222222222,0.4166666666666667,0.7,12,12.25,36.333333333333336,39.083333333333336,0.20161945963637792,0.30039489692006255,132,3.8571428571428599,3.6666666666666701,4.4000000000000004,3.1666666666666701,4,2.3999999999999999,3.5,3.6666666666666701
1,5c6cb4163023800001e71898,27,Male,0.3875,0.34464338358206276,1.147278871188349,2.117619330731091,0.10085031460190724,-0.5344091526575047,0.6818181818181818,0.9444444444444444,0.25,0.3,20.933333333333334,18.583333333333332,42.733333333333334,43.083333333333336,0.34396181028192596,0.9963174846998755,106,2.71428571428571,2.3333333333333299,2.6000000000000001,2.1666666666666701,4.25,3.7999999999999998,1.75,3.6666666666666701
1,5c6ddcc095d02a0001527881,31,Male,0.2875,0.360532759586514,1.4223483449593837,2.874770383567651,-0.036684422283610185,-0.1558336262392246,0.7727272727272727,0.9444444444444444,0.25,0.1,23.2,22.75,42.733333333333334,40.75,0.45226701686664544,NA,126,4.4285714285714297,2.3333333333333299,4,4.1666666666666696,4.25,1.6000000000000001,1.25,4.3333333333333304
1,5c88d569d47e6a0001a6192a,23,Male,0.3125,0.4811353631727018,1.855783248092906,2.874770383567651,0.45510250305418576,-0.1558336262392246,0.6818181818181818,0.9444444444444444,0.08333333333333333,0.1,22.466666666666665,35.25,32.266666666666666,36,0.3846804087639611,NA,127,3.4285714285714302,1,4.4000000000000004,4.5,4.5,2.3999999999999999,3.5,2.3333333333333299
1,5c9303a02d8c5900152f9d63,23,Male,0.25,0.37709906054001546,1.4223483449593837,0.9674215661017014,-0.036684422283610185,-0.4837107830508507,0.7727272727272727,0.8333333333333334,0.25,0.5,9.133333333333333,24.583333333333332,27.466666666666665,27.25,0.5357653490853309,-0.4183001357529285,100,3.28571428571429,1.6666666666666701,2,2.1666666666666701,1.75,4,2.5,4
1,5c9b4d9d7ef6b200149f7a34,39,Female,0.3875,0.3647063909127495,0.9582869890112268,2.874770383567651,-0.2687151002576887,-0.1558336262392246,0.7727272727272727,0.9444444444444444,0.4166666666666667,0.1,25.466666666666665,25.5,44.2,41.5,0.0558270834493446,NA,106,2,3,2.3999999999999999,3.8333333333333299,4.25,3.3999999999999999,1.25,3
1,5cd052fcd6d8dc0013f84e66,23,Female,0.275,0.38546107554799325,1.6128782446798708,1.59321881802305,0.5765550047607033,-0.796609409011525,0.5909090909090909,0.9444444444444444,0.08333333333333333,0.5,20.933333333333334,24.333333333333332,40.46666666666667,36.666666666666664,0.5153208508193046,-0.16308201826336055,114,2.4285714285714302,2.6666666666666701,3.7999999999999998,3,3.5,3.3999999999999999,2.5,3.6666666666666701
1,5cdc88cc50f50f001a783112,29,Male,0.055,0.25052853831895927,2.130852721863941,2.117619330731091,0.31756776616866833,-0.5344091526575047,0.7727272727272727,0.9444444444444444,0.08333333333333333,0.3,28.333333333333332,25.833333333333332,42.93333333333333,44.666666666666664,0.09534059080584159,0.4279306716880275,133,4.1428571428571397,3.6666666666666701,2.6000000000000001,2.3333333333333299,4.25,3.7999999999999998,4.25,4.3333333333333304
1,5cea706c0afd6e0001a9e93e,NA,DATA EXPIRED,0.3875,0.31053183493638326,0.9582869890112268,1.59321881802305,-0.2687151002576887,-0.796609409011525,0.7727272727272727,0.9444444444444444,0.4166666666666667,0.5,25.533333333333335,25,38,34.916666666666664,0.21945642127910153,0.429076532513337,86,2.4285714285714302,1.6666666666666701,3.2000000000000002,3,3,2.6000000000000001,1,0.33333333333333298
1,5cefe8856e0eec00015971dd,21,Male,0.49375,0.4842590996236175,0.5374302005153773,0.4430210533936607,-0.47914349450561344,-0.745911039404871,0.7727272727272727,0.8333333333333334,0.5833333333333334,0.7,34.13333333333333,26,35.06666666666667,35.083333333333336,0.004089714460378815,-0.039003513521619286,125,2.8571428571428599,4.3333333333333304,4.4000000000000004,3.1666666666666701,3.5,1.8,3.25,5
1,5d1d8aaf32ab4a00013fadb7,34,Male,0.41250000000000003,0.5475077862923602,1.855783248092906,-0.24218436564553247,0.45510250305418576,-0.40330832988527443,0.6818181818181818,0.6111111111111112,0.08333333333333333,0.7,18.4,21.5,30.333333333333332,29.75,0.4638126772660144,0.6063944334929698,150,4,4.3333333333333304,4.4000000000000004,5.5,4.75,1.8,3.75,3.6666666666666701
1,5d4ba0be2fe36d00163e73db,32,Male,0.75,0.48888612724830866,0.07336884456722037,1.1138563105578192,-0.7111741724796918,-0.03252764257086893,0.7727272727272727,0.7222222222222222,0.75,0.3,18.533333333333335,25.083333333333332,34,31,0.2130032168075646,0.4615406463514261,106,2.4285714285714302,1.6666666666666701,3.7999999999999998,2.5,4.5,2,3,3.3333333333333299
1,5d52b4628c48ca0017855e69,25,Male,0.4,0.5627033520513687,0.9582869890112268,2.117619330731091,-0.2687151002576887,-0.5344091526575047,0.7727272727272727,0.9444444444444444,0.4166666666666667,0.3,0.5333333333333333,8.25,27.6,37.916666666666664,0.21958544753440204,-0.22884012539184953,92,2.28571428571429,1,2.7999999999999998,2.8333333333333299,1.75,3.2000000000000002,2.25,3.3333333333333299
1,5d6a55cb78fce300014e078e,27,Male,0.25,0.4702601389503394,1.4801932353369736,2.248973131646302,-0.9505250119164116,0.15706499972144972,0.9545454545454546,0.8333333333333334,0.5833333333333334,0.1,27.4,23.666666666666668,31.6,29.166666666666668,-0.0033585044926811823,0.3447914135838056,68,2,0.33333333333333298,2.2000000000000002,3.8333333333333299,4,0.59999999999999998,0,0
1,5d98fce2dcb9ea0016915798,20,Male,0.35,0.2961485454392902,0.6832175152401919,1.59321881802305,-0.13118036337217126,-0.796609409011525,0.6818181818181818,0.9444444444444444,0.4166666666666667,0.5,14.2,7.916666666666667,27.666666666666668,29.916666666666668,0.2812751504381397,-0.06842904745291704,60,0.71428571428571397,0.33333333333333298,1.6000000000000001,3,1.25,2,0.75,3.3333333333333299
1,5da5fdef9a9dc5001484350b,26,Female,0.42500000000000004,0.34396822159020124,1.0161318793888166,2.874770383567651,-1.18255568989049,-0.1558336262392246,0.9545454545454546,0.9444444444444444,0.75,0.1,22.2,23.5,43.6,35.666666666666664,0.27599685012476305,NA,98,2,2,3.2000000000000002,3.1666666666666701,3.75,1,3.5,3
1,5db1f49b54945b003c8ef5d7,31,Male,0.675,0.6527683693256136,0.5374302005153773,0.5894557978497785,-0.47914349450561344,-0.29472789892488926,0.7727272727272727,0.7222222222222222,0.5833333333333334,0.5,26.8,29.75,33.333333333333336,33.75,0.1975658322294524,0.20683507599800763,130,3.1428571428571401,3.6666666666666701,5,2.1666666666666701,4.5,3,3,4.6666666666666696
1,5dc44a860389e4318babd4bc,21,Female,0.50625,0.43207674102339116,0.9582869890112268,2.248973131646302,-0.2687151002576887,0.15706499972144972,0.7727272727272727,0.8333333333333334,0.4166666666666667,0.1,19.733333333333334,10,34.333333333333336,28.583333333333332,0.35810616226142256,0.5258007836882069,90,2,2,2.3999999999999999,2.6666666666666701,3,2.2000000000000002,2.25,3.3333333333333299
1,5ddd6048e200e0000e257556,19,Male,0.32499999999999996,0.22237196593364167,1.147278871188349,1.1138563105578192,0.10085031460190724,-0.03252764257086893,0.6818181818181818,0.7222222222222222,0.25,0.3,25.866666666666667,27.583333333333332,32.13333333333333,29.083333333333332,0.5103656705340349,0.5035106992678582,126,2.8571428571428599,4,4,2.8333333333333299,3.5,3.3999999999999999,3.5,4
1,5df5143f58a5c738d0e197af,21,Male,0.3625,0.3477525977815177,1.3072319563414383,0.06505528514173786,-0.4431875839227944,-0.5569281552789096,0.8636363636363636,0.7222222222222222,0.4166666666666667,0.7,25.2,23.5,40.46666666666667,34.583333333333336,0.20457224389099601,0.5837267644253329,108,3,1.6666666666666701,2.6000000000000001,2.5,3.75,3.2000000000000002,3,3.6666666666666701
1,5dfe58914cac68af514839bd,30,Female,0.1375,0.5498946510442071,1.4223483449593837,1.491822078809742,-0.036684422283610185,-0.22151052669683036,0.7727272727272727,0.8333333333333334,0.25,0.3,24.666666666666668,26.166666666666668,28.4,30.083333333333332,0.2995041904296595,0.007675295564533362,110,3.1428571428571401,2.6666666666666701,3.6000000000000001,2.5,4.25,3.2000000000000002,1.75,2.3333333333333299
1,5e1f46d7ded49f273e668b53,22,Male,0.32499999999999996,0.35615107912373345,1.4223483449593837,0.9674215661017014,-0.036684422283610185,-0.4837107830508507,0.7727272727272727,0.8333333333333334,0.25,0.5,33.06666666666667,32,36.8,37.416666666666664,0.3030751320961774,0.3779323563865742,122,3.4285714285714302,1,3.7999999999999998,3.1666666666666701,4,2.6000000000000001,3.75,4.3333333333333304
1,5e3e11a36a0b8a000c609d5e,32,Male,0.25,0.2787270178051565,2.130852721863941,1.59321881802305,0.31756776616866833,-0.796609409011525,0.7727272727272727,0.9444444444444444,0.08333333333333333,0.5,34.53333333333333,29.583333333333332,33.333333333333336,31.083333333333332,0.40895816457059797,0.24242280533465155,115,2.5714285714285698,3.3333333333333299,3.7999999999999998,3.3333333333333299,3.5,2.2000000000000002,3.5,3
1,5e52a7dac6d034000ab15eb1,44,Male,0.5,0.25091460341414124,1.0161318793888166,1.0688183053150093,-1.18255568989049,-1.0588096653655454,0.9545454545454546,0.9444444444444444,0.75,0.7,26.333333333333332,23.416666666666668,43.8,42.416666666666664,0.6685251726475816,0.09151617004789103,138,3.71428571428571,4.6666666666666696,4.5999999999999996,3.1666666666666701,4.75,2,3.25,4.6666666666666696
1,5e53b11bab51633aa169d18d,19,Female,0.55,0.4545615646107903,0.44031251182715686,2.248973131646302,-0.009727861665653731,0.15706499972144972,0.5909090909090909,0.8333333333333334,0.4166666666666667,0.1,15.133333333333333,22.166666666666668,36.4,39.166666666666664,0.31346765950809313,-0.11704114719613057,123,3.1428571428571401,3.6666666666666701,4.5999999999999996,1.6666666666666701,3.25,3,3.5,5
1,5e54f6b65bac434dd4dd05c3,25,Female,0.375,0.3607485083377202,1.4801932353369736,2.117619330731091,-0.9505250119164116,-0.5344091526575047,0.9545454545454546,0.9444444444444444,0.5833333333333334,0.3,26.6,26.333333333333332,41.86666666666667,37.416666666666664,0.2551747947950802,0.4985542314804413,103,2.1428571428571401,3,2.2000000000000002,1.6666666666666701,3.5,3.6000000000000001,4,3.3333333333333299
1,5e5c3d75348de24188d2c698,22,Female,0.3,0.36737619658345627,2.130852721863941,1.59321881802305,0.31756776616866833,-0.796609409011525,0.7727272727272727,0.9444444444444444,0.08333333333333333,0.5,30.2,36,33.13333333333333,35.166666666666664,0.021482494109579024,0.013046561461068844,125,3.8571428571428599,2.6666666666666701,4,3.6666666666666701,3.5,2.3999999999999999,2.75,3.6666666666666701
1,5e5edbe9c0bc8621b5c2f7da,23,Male,0.25,0.41222058327923655,2.130852721863941,0.4430210533936607,0.31756776616866833,-0.745911039404871,0.7727272727272727,0.8333333333333334,0.08333333333333333,0.7,11.266666666666667,11.666666666666666,45,44.166666666666664,-0.1435423129408036,-0.021320071635561044,123,3.28571428571429,4,3.7999999999999998,3.1666666666666701,3.75,2,3.5,3.6666666666666701
1,5e67ec7516f67809dfd6f8c9,28,Male,0.42500000000000004,0.4056400750094797,1.4223483449593837,-0.31412999944289943,-0.036684422283610185,-1.124486565823151,0.7727272727272727,0.8333333333333334,0.25,0.9,26.333333333333332,29.166666666666668,44.4,39.75,0.5998276313641544,0.343268473387948,133,3.8571428571428599,4,4.7999999999999998,2.6666666666666701,3.75,2.2000000000000002,3.75,4.3333333333333304
1,5e73385de9253c28454ff93b,NA,NA,0.3875,0.323748014164644,1.147278871188349,0.9674215661017014,0.10085031460190724,0.4837107830508507,0.6818181818181818,0.5,0.25,0.16666666666666666,25.466666666666665,26.3,30.466666666666665,27.4,0.3268657464712634,-0.09401267913629437,99,2.71428571428571,3,2.7999999999999998,2.6666666666666701,4,2.2000000000000002,1.25,3
1,5e7725416d9a62288c4159ea,22,Male,0.48750000000000004,0.47614312505268347,0.44031251182715686,1.491822078809742,-0.009727861665653731,-0.22151052669683036,0.5909090909090909,0.8333333333333334,0.4166666666666667,0.3,26.933333333333334,24.916666666666668,38.266666666666666,41.666666666666664,0.5304488489272468,0.4599676596608552,137,4.28571428571429,3.3333333333333299,3.2000000000000002,3.6666666666666701,3.75,2.6000000000000001,4,5
1,5e7d14363629230c5f6cdd0c,22,Female,0.4375,0.4033877708192857,1.6128782446798708,1.491822078809742,0.5765550047607033,-0.22151052669683036,0.5909090909090909,0.8333333333333334,0.08333333333333333,0.3,21.066666666666666,21.166666666666668,28.533333333333335,27,-0.023151472155766253,-0.49923017660270624,102,3.1428571428571401,2.3333333333333299,2.7999999999999998,2.6666666666666701,3.5,2.3999999999999999,2.25,2.6666666666666701
1,5e7d54301b20a23de6e1fb74,NA,NA,0.2875,0.413132537120777,0.8863751678455887,0.6744897501960817,-0.6536159781707191,-0.33724487509804085,0.8636363636363636,0.75,0.5833333333333334,0.5,14.2,7,32.53333333333333,33.57142857142857,0.08893660996287295,-0.28469040935287315,125,4.1428571428571397,2.6666666666666701,4.2000000000000002,2.5,3.75,2.6000000000000001,3.25,3.6666666666666701
1,5e83627b09052f08f720ba81,35,Male,0.4375,0.3401973932627735,1.147278871188349,1.0688183053150093,0.10085031460190724,-1.0588096653655454,0.6818181818181818,0.9444444444444444,0.25,0.7,8.333333333333334,2.9166666666666665,33.86666666666667,28.666666666666668,0.2975834129761873,0.11551626959076139,74,2.4285714285714302,0.66666666666666696,1,2.3333333333333299,4,3.6000000000000001,0.5,0
1,5e8456eeb96c87011bcf35b0,24,Female,0.25,0.34810307217525094,1.771293312289595,2.874770383567651,-0.2111569059487159,-0.1558336262392246,0.8636363636363636,0.9444444444444444,0.25,0.1,21.266666666666666,23.083333333333332,33.13333333333333,33,-0.07547087564245672,NA,127,3.5714285714285698,3,4.7999999999999998,3.3333333333333299,4,1.8,3,4
1,5e852779715023000bae4afe,20,Male,0.35,0.375700437543054,1.6128782446798708,2.248973131646302,0.5765550047607033,0.15706499972144972,0.5909090909090909,0.8333333333333334,0.08333333333333333,0.1,17.8,19,46.93333333333333,41.75,0.6962130150458244,0.9884423632597368,145,4,3.3333333333333299,4.4000000000000004,3.5,3.25,3.6000000000000001,4.5,5
1,5eb2e269f78ab109cca0bf0c,21,Male,0.1625,0.26772753372192826,2.130852721863941,2.117619330731091,0.31756776616866833,-0.5344091526575047,0.7727272727272727,0.9444444444444444,0.08333333333333333,0.3,26.266666666666666,26.916666666666668,34,32.166666666666664,-0.13812365502745746,0.619942701923128,118,4,3,4,3.3333333333333299,3.25,2.2000000000000002,2.5,2.3333333333333299
1,5eb6c7000943fe5d0e422087,23,Male,0.055,0.3724171597477183,1.771293312289595,1.491822078809742,-0.2111569059487159,-0.22151052669683036,0.8636363636363636,0.8333333333333334,0.25,0.3,0.26666666666666666,0.08333333333333333,42.06666666666667,45.583333333333336,0.2053799904581218,0.07559289460184544,112,4.1428571428571397,4.6666666666666696,3,2,1.5,3.6000000000000001,1.25,4.3333333333333304
1,5eb70f4db9918d630f1beefd,28,Female,0.3,0.39470961483163125,1.901050023832823,2.117619330731091,-0.7400966176684869,-0.5344091526575047,0.9545454545454546,0.9444444444444444,0.4166666666666667,0.3,24.533333333333335,25.833333333333332,46.13333333333333,45.333333333333336,0.4683647511504864,0.0950496913043515,102,2.5714285714285698,1.3333333333333299,3.3999999999999999,3.5,2.75,2.7999999999999998,1.75,3.3333333333333299
1,5ebb830268bb65000a8ccecf,24,Female,0.42500000000000004,0.4496752278407375,1.3072319563414383,2.874770383567651,-0.4431875839227944,-0.1558336262392246,0.8636363636363636,0.9444444444444444,0.4166666666666667,0.1,13.733333333333333,10.666666666666666,27.466666666666665,25,0.11234633668121163,NA,152,4,4.3333333333333304,4.2000000000000002,4.6666666666666696,4,4.2000000000000002,3.5,3.6666666666666701
1,5ec14e5e02be0302c76de065,20,Male,0.42500000000000004,0.31633630736409946,0.8863751678455887,0.3116672524784492,-0.6536159781707191,-1.4373851917838254,0.8636363636363636,0.9444444444444444,0.5833333333333334,0.9,14.666666666666666,16.25,39.4,39.25,0.4330024983528508,-0.22106283785508357,92,2.5714285714285698,0.66666666666666696,2.7999999999999998,2.1666666666666701,2.5,3.6000000000000001,1.75,3.3333333333333299
1,5ec31b3ef3483116ac6bc978,29,Male,0.4875,0.3218205688785415,0.5374302005153773,2.874770383567651,-0.47914349450561344,-0.1558336262392246,0.7727272727272727,0.9444444444444444,0.5833333333333334,0.1,12.733333333333333,22.583333333333332,33.53333333333333,31.333333333333332,0.38934829449693176,NA,104,2.28571428571429,2,3,3,3.5,3.7999999999999998,2.25,2.3333333333333299
1,5ecec1fcb63c142b6046b59a,30,Male,0.1375,0.30617550032626273,2.130852721863941,2.874770383567651,0.31756776616866833,-0.1558336262392246,0.7727272727272727,0.9444444444444444,0.08333333333333333,0.1,23.066666666666666,24.166666666666668,33.06666666666667,33.583333333333336,0.2700004085491004,NA,98,2.5714285714285698,1.6666666666666701,3.2000000000000002,3.1666666666666701,2.5,3,1.5,3
1,5ed6981748cb0e0f0a6b84ce,20,Male,0.3875,0.37447909776723687,1.147278871188349,1.491822078809742,0.10085031460190724,-0.22151052669683036,0.6818181818181818,0.8333333333333334,0.25,0.3,24,25.5,34.13333333333333,39.333333333333336,0.3397597216233323,0.3597962317407737,114,3.28571428571429,0.33333333333333298,1.6000000000000001,3.3333333333333299,3.75,3.6000000000000001,3.5,5
1,5ed8c0c67adfab028667ef3e,25,Female,0.3,0.329750977530284,1.3072319563414383,1.59321881802305,-0.4431875839227944,-0.796609409011525,0.8636363636363636,0.9444444444444444,0.4166666666666667,0.5,32.93333333333333,37.416666666666664,36.13333333333333,35.333333333333336,0.3189611020616999,0.5794945672638978,124,3.4285714285714302,3,3.7999999999999998,2.6666666666666701,4.25,2.3999999999999999,3.75,4
1,5ed9fe560adb8b5a860d8d80,20,Female,0.35,0.3124660318036584,1.4223483449593837,0.8066166597705489,-0.036684422283610185,0.12109218282276624,0.7727272727272727,0.6111111111111112,0.25,0.3,1.4,12.416666666666666,40.13333333333333,38.083333333333336,0.5259292424063162,0.3580955476734389,136,3.71428571428571,3.6666666666666701,5,3,4.5,1.8,4,4.3333333333333304
1,5edcd94b5f66c602408af883,20,Male,0.375,0.4896999214373466,1.4801932353369736,0.4430210533936607,-0.9505250119164116,-0.745911039404871,0.9545454545454546,0.8333333333333334,0.5833333333333334,0.7,25.6,25,38.333333333333336,41.083333333333336,-0.026544723061941607,0.297414635201237,111,3.5714285714285698,2.3333333333333299,3,3.1666666666666701,4,2.3999999999999999,1.75,3.3333333333333299
1,5edda704856ca9ad1f94b16b,19,Female,0.3875,0.5204968475467966,1.4801932353369736,1.491822078809742,-0.9505250119164116,-0.22151052669683036,0.9545454545454546,0.8333333333333334,0.5833333333333334,0.3,25.333333333333332,23.333333333333332,38.4,33.416666666666664,-0.13516269303669015,0.08609663500027838,131,4.28571428571429,3.3333333333333299,4.4000000000000004,3.5,4,1.6000000000000001,2.5,4.6666666666666696
1,5ee8a073772e10083190b932,20,Male,0.25,0.5370680976197125,2.130852721863941,1.491822078809742,0.31756776616866833,-0.22151052669683036,0.7727272727272727,0.8333333333333334,0.08333333333333333,0.3,28.266666666666666,33.916666666666664,43.86666666666667,43.416666666666664,0.28011153390730814,0.26943154662182334,103,3,2,3.2000000000000002,2.6666666666666701,4,2.6000000000000001,1.75,2.6666666666666701
1,5eea3abe701f9c083b4344d4,NA,Female,0.42500000000000004,0.319078329326267,1.3072319563414383,0.5894557978497785,-0.4431875839227944,-0.29472789892488926,0.8636363636363636,0.7222222222222222,0.4166666666666667,0.5,18.866666666666667,21.916666666666668,34.333333333333336,31.25,0.5043974101220693,0.5835116365245119,105,2.28571428571429,2.6666666666666701,4.4000000000000004,3.5,3.25,1.8,2.25,2.3333333333333299
1,5ef7e522cedc3d10d06304de,27,Male,0.11,0.5069624452262199,1.771293312289595,2.248973131646302,-0.2111569059487159,0.15706499972144972,0.8636363636363636,0.8333333333333334,0.25,0.1,25.8,26.25,37.266666666666666,40.75,0.1505193445147455,0.7851603096419404,117,2.28571428571429,2.3333333333333299,3.6000000000000001,3.6666666666666701,3.5,2.7999999999999998,4,3.3333333333333299
1,5efb3af66ad15505ab305718,19,Male,0.42500000000000004,0.325398958924233,0.9582869890112268,-0.5244005127080407,-0.2687151002576887,-0.26220025635402033,0.7727272727272727,0.5,0.4166666666666667,0.7,28.6,21.583333333333332,34.53333333333333,39.25,0.2984838288757776,0.136636806633935,111,4.1428571428571397,1,2.7999999999999998,2.5,2.75,4.5999999999999996,1.5,3.3333333333333299
1,5eff0eb6d36f6343043f6d5f,47,Male,0.3875,0.46456084718863766,1.3072319563414383,1.491822078809742,-0.4431875839227944,-0.22151052669683036,0.8636363636363636,0.8333333333333334,0.4166666666666667,0.3,17.866666666666667,17.583333333333332,41.266666666666666,44.5,0.2566233804707316,0.3882901373576604,102,3,1.3333333333333299,4.4000000000000004,3,3.25,2,1.75,2.3333333333333299
1,5eff42c4bfbd094a717bd4f8,24,Male,0.50625,0.38888757742914315,0.6832175152401919,0.4430210533936607,-0.13118036337217126,-0.745911039404871,0.6818181818181818,0.8333333333333334,0.4166666666666667,0.7,27.933333333333334,26.666666666666668,34.266666666666666,35.083333333333336,0.21126204129404172,0.6534982296553427,126,4,3.3333333333333299,3.3999999999999999,3.5,3.75,1.3999999999999999,3.75,4.3333333333333304
1,5f09a2940238fd22cbb69e13,20,Female,0.3,0.396941193107154,0.9582869890112268,2.117619330731091,-0.2687151002576887,-0.5344091526575047,0.7727272727272727,0.9444444444444444,0.4166666666666667,0.3,21,27.833333333333332,45.2,49.583333333333336,0.08336113356591784,-0.09090909090909093,112,2.8571428571428599,1.3333333333333299,3.2000000000000002,2.8333333333333299,3.5,4.2000000000000002,2,4
1,5f09bdba532602048fd0bd65,48,Male,0.50625,0.35052639654268103,0.9582869890112268,1.59321881802305,-0.2687151002576887,-0.796609409011525,0.7727272727272727,0.9444444444444444,0.4166666666666667,0.5,29.866666666666667,21.166666666666668,28.733333333333334,24.833333333333332,0.2152129173509775,-0.21086692462058504,110,3.4285714285714302,1,2.2000000000000002,3.1666666666666701,3.5,2.6000000000000001,3.5,4
1,5f0c6e39eff16b5d4f3b2914,20,Female,0.3,0.335623653707714,1.855783248092906,1.59321881802305,0.45510250305418576,-0.796609409011525,0.6818181818181818,0.9444444444444444,0.08333333333333333,0.5,34.2,33.333333333333336,37.266666666666666,38.083333333333336,-0.041950862367104706,0.6218452953335806,139,4,4.6666666666666696,4.2000000000000002,2.5,4.75,1.6000000000000001,4.75,5
1,5f14e3ceafd70a5774c29ebb,20,Male,0.3875,0.30283698086664024,1.147278871188349,1.59321881802305,0.10085031460190724,-0.796609409011525,0.6818181818181818,0.9444444444444444,0.25,0.5,23.466666666666665,19.083333333333332,44.733333333333334,41.083333333333336,0.7331583169801597,0.3721821962040033,122,4.4285714285714297,0,3.6000000000000001,3.5,4.5,2.3999999999999999,1.75,5
1,5f15c0871935dd0a17960e6c,21,Male,0.3125,0.3340037501276877,1.4223483449593837,1.1138563105578192,-0.036684422283610185,-0.03252764257086893,0.7727272727272727,0.7222222222222222,0.25,0.3,28.533333333333335,13.75,31,26.916666666666668,0.3520893951097652,0.27420543753825194,95,2.4285714285714302,1.3333333333333299,3,3.1666666666666701,2,2.6000000000000001,3,2.3333333333333299
1,5f16fc7393734a01db84c243,NA,NA,0.525,0.40200906236983647,0.6832175152401919,0.9629122015802256,-0.13118036337217126,-0.800095464754488,0.6818181818181818,0.9,0.4166666666666667,0.625,12.8,10.714285714285714,34.333333333333336,30.142857142857142,0.44857303200591525,-0.20323471117426511,150,3.71428571428571,4,4.7999999999999998,3.6666666666666701,4.75,3.3999999999999999,4,4.6666666666666696
1,5f199fd2e8aa2e000850a241,28,Male,0.3125,0.23686949633291066,1.147278871188349,-0.6920957676948223,0.10085031460190724,-0.9355036816971897,0.6818181818181818,0.7222222222222222,0.25,0.9,12.666666666666666,13.916666666666666,38.8,33.5,0.2967898233517153,-0.37636954449572274,99,2.4285714285714302,2,2.7999999999999998,3.1666666666666701,1.75,3,2.5,3.6666666666666701
1,5f26a626df170d3f8a72f58a,20,Male,0.42500000000000004,0.3735849969627744,1.855783248092906,0.8066166597705489,0.45510250305418576,0.12109218282276624,0.6818181818181818,0.6111111111111112,0.08333333333333333,0.3,2.533333333333333,26.083333333333332,39.06666666666667,37.916666666666664,0.3313085589633986,0.3529700375184484,124,3.4285714285714302,3.3333333333333299,4,3.6666666666666701,3.25,2.2000000000000002,3.5,3.3333333333333299
1,5f3934c2d17df7469f2f0e31,23,Female,0.35,0.38697690448759564,1.4223483449593837,1.8710073633943793,-0.036684422283610185,0.34604788384741114,0.7727272727272727,0.7222222222222222,0.25,0.1,23.8,22.333333333333332,31.6,29.666666666666668,0.20189929247005714,-0.604832856920097,120,3.1428571428571401,2.6666666666666701,4.7999999999999998,2.3333333333333299,4.25,1.2,4.25,4
1,5f3dfbe7871782220d460d41,26,Male,0.32499999999999996,0.41982365492165474,1.4223483449593837,2.874770383567651,-0.036684422283610185,-0.1558336262392246,0.7727272727272727,0.9444444444444444,0.25,0.1,8.6,21.416666666666668,41.8,40.166666666666664,0.524464919490951,NA,78,1.4285714285714299,1,4.7999999999999998,1.6666666666666701,2,1.3999999999999999,1.25,3.6666666666666701
1,5f4432700cbdc61b7ab46082,24,Male,0.2875,0.3973313204107325,1.4223483449593837,2.117619330731091,-0.036684422283610185,-0.5344091526575047,0.7727272727272727,0.9444444444444444,0.25,0.3,25.933333333333334,25.75,32.53333333333333,38,0.5438959679627311,-0.09554551987110695,90,2.28571428571429,0.66666666666666696,1.3999999999999999,5,2,3.7999999999999998,0.25,2.3333333333333299
1,5f44a14dc9c379248aa705a9,19,Female,0.48125,0.30980007432008655,1.0161318793888166,0.9674215661017014,-1.18255568989049,-0.4837107830508507,0.9545454545454546,0.8333333333333334,0.75,0.5,17.4,23.083333333333332,42.6,37.5,0.061747866708593266,0.5201909557456614,71,2,0.66666666666666696,1.3999999999999999,1.5,3.5,3.2000000000000002,0.5,2.3333333333333299
1,5f458cb79f9aa31a7d7ab81b,34,Male,0.42500000000000004,0.4293194592050766,0.9043738677753139,2.248973131646302,0.22230281630842477,0.15706499972144972,0.5909090909090909,0.8333333333333334,0.25,0.1,3.933333333333333,18.916666666666668,37.666666666666664,39.5,0.6452641142044572,0.8053351703740682,104,4.28571428571429,2,3.2000000000000002,1.5,3.5,2.6000000000000001,2,2.6666666666666701
1,5f4721d344b08110976d6865,22,Female,0.50625,0.48007840771194316,1.147278871188349,2.248973131646302,0.10085031460190724,0.15706499972144972,0.6818181818181818,0.8333333333333334,0.25,0.1,19.133333333333333,23.25,30.8,27.583333333333332,0.44840471713899777,0.958615189403403,119,2.8571428571428599,2.6666666666666701,3.6000000000000001,4,3.5,2.2000000000000002,2.75,4.3333333333333304
1,5f4a9770144b1c63f66df37d,27,Female,0.5625,0.211125031866403,0.44031251182715686,0.06505528514173786,-0.009727861665653731,-0.5569281552789096,0.5909090909090909,0.7222222222222222,0.4166666666666667,0.7,17.133333333333333,20.916666666666668,31.666666666666668,29.166666666666668,0.39411640607140175,0.43158437436692215,97,2.4285714285714302,1,2.3999999999999999,3.8333333333333299,2.5,4,1.5,2
1,5f4d6c27b03547a378fcb44a,26,Female,0.25,0.36245742784802,1.855783248092906,2.117619330731091,0.45510250305418576,-0.5344091526575047,0.6818181818181818,0.9444444444444444,0.08333333333333333,0.3,29.666666666666668,18.416666666666668,34.333333333333336,32.916666666666664,0.18814417367671946,0.24583082844451606,87,2.4285714285714302,1.3333333333333299,2,3,2.5,3,1.75,2
1,5f5555365eceb791f95bfe2e,31,Female,0.55,0.43770164181418,0.8863751678455887,2.248973131646302,-0.6536159781707191,0.15706499972144972,0.8636363636363636,0.8333333333333334,0.5833333333333334,0.1,27.2,32.333333333333336,43.266666666666666,43.333333333333336,-0.042515961648053366,0.15841726777669646,71,0.71428571428571397,0.33333333333333298,0.59999999999999998,5.6666666666666696,2.25,2.2000000000000002,0.5,2
1,5f59209be2e8b9128d9652b8,51,Female,0.3625,0.3822034563009273,1.6128782446798708,1.8710073633943793,0.5765550047607033,0.34604788384741114,0.5909090909090909,0.7222222222222222,0.08333333333333333,0.1,13.333333333333334,16,28.466666666666665,27.833333333333332,0.14772727272727273,-0.04908806936738159,81,1.8571428571428601,1.3333333333333299,3,2.5,2.25,2.7999999999999998,1.5,1.6666666666666701
1,5f632ea32e85353d93872c67,21,Male,0.3625,0.4683689204935797,0.9582869890112268,0.4430210533936607,-0.2687151002576887,-0.745911039404871,0.7727272727272727,0.8333333333333334,0.4166666666666667,0.7,12.8,24.75,29.8,28.583333333333332,0.3468343504043429,0.41932390234322553,66,1.8571428571428601,1.6666666666666701,1.2,2,0.5,2.7999999999999998,1,3.3333333333333299
1,5f6e83419dd5cb3c85325fc6,65,Female,0.4375,0.319066372031389,0.5374302005153773,1.0688183053150093,-0.47914349450561344,-1.0588096653655454,0.7727272727272727,0.9444444444444444,0.5833333333333334,0.7,22.6,28.5,41.13333333333333,41.583333333333336,0.11638746142032687,0.3994629128507621,126,3.4285714285714302,1.6666666666666701,3.6000000000000001,3.5,4,3.7999999999999998,2.75,4
1,5f6f753fb20ea14ee4072f30,21,Female,0.46875,0.34986379074040824,1.147278871188349,1.491822078809742,0.10085031460190724,-0.22151052669683036,0.6818181818181818,0.8333333333333334,0.25,0.3,16.6,12.916666666666666,34.06666666666667,31.166666666666668,0.43726472540083355,0.441221946511787,111,3.1428571428571401,3,3.3999999999999999,3.6666666666666701,2.5,2,2.5,3.6666666666666701
1,5f723824c7bd4a14ac74a816,29,Female,0.4625,0.267331449069284,0.8863751678455887,1.0688183053150093,-0.6536159781707191,-1.0588096653655454,0.8636363636363636,0.9444444444444444,0.5833333333333334,0.7,21.266666666666666,16,42.06666666666667,42.083333333333336,-0.07402152105329184,-0.04547020593578686,121,3.1428571428571401,2,3.6000000000000001,4.1666666666666696,4,2.7999999999999998,2.25,3.6666666666666701
1,5f74b716749c7c0a8bcc09a6,20,Female,0.525,0.6198494183535186,1.0161318793888166,1.0688183053150093,-1.18255568989049,-1.0588096653655454,0.9545454545454546,0.9444444444444444,0.75,0.7,24.333333333333332,24,36.733333333333334,44.583333333333336,0.27265437868290093,0.17802885766637092,102,2,1.6666666666666701,2.7999999999999998,1.5,4.5,3.6000000000000001,3.5,3.3333333333333299
1,5f77261e7851ff1f2779c9f4,20,Male,0.55,0.3682796211476243,0.2623607267443424,0.9674215661017014,-0.341608757620096,-0.4837107830508507,0.6818181818181818,0.8333333333333334,0.5833333333333334,0.5,23.133333333333333,33.25,37.6,33,0.2178005113502949,0.18266554145039698,126,3.8571428571428599,3.6666666666666701,3.6000000000000001,2.1666666666666701,3.5,2.7999999999999998,3.75,4.6666666666666696
1,5f7b60daa7bb4c0fea3dc605,38,Female,0.7124999999999999,0.2907674473132753,0.07336884456722037,1.1138563105578192,-0.7111741724796918,-0.03252764257086893,0.7727272727272727,0.7222222222222222,0.75,0.3,15.133333333333333,15.75,31.2,22.25,0.5067040829541957,0.2730693458812351,99,2,2.6666666666666701,2.6000000000000001,4.5,2.5,3.3999999999999999,1.5,1.3333333333333299
1,5f828a57f6cc2d3bbb217f53,25,Male,0.50625,0.40135521826362497,0.5374302005153773,-0.6920957676948223,-0.47914349450561344,-0.9355036816971897,0.7727272727272727,0.7222222222222222,0.5833333333333334,0.9,31.066666666666666,23.083333333333332,25.266666666666666,27,0.3639716986610254,0.22965760608731267,120,4,3.6666666666666701,3.6000000000000001,1.8333333333333299,3.5,2.2000000000000002,3.5,4.3333333333333304
1,5f83653605d2664cf6a4f5f4,27,Female,0.375,0.3641252259851275,1.6128782446798708,2.117619330731091,0.5765550047607033,-0.5344091526575047,0.5909090909090909,0.9444444444444444,0.08333333333333333,0.3,13.466666666666667,20.166666666666668,35.46666666666667,33.25,-0.07384754028704267,0.013390588919669065,108,2.4285714285714302,1.6666666666666701,4.5999999999999996,3.6666666666666701,2.5,2.6000000000000001,1.75,3.6666666666666701
1,5f839c3b6baf3953cf18d606,31,Male,0.3125,0.4036021026302947,1.4223483449593837,2.117619330731091,-0.036684422283610185,-0.5344091526575047,0.7727272727272727,0.9444444444444444,0.25,0.3,6.666666666666667,5.416666666666667,41.266666666666666,40.833333333333336,0.2441447870201769,0.917393985951687,101,3.1428571428571401,1.3333333333333299,3.6000000000000001,3.1666666666666701,4,2.2000000000000002,0.75,2.6666666666666701
1,5f84a39b0f8a7b138812f830,21,Female,0.375,0.35538545365061314,0.5374302005153773,1.491822078809742,-0.47914349450561344,-0.22151052669683036,0.7727272727272727,0.8333333333333334,0.5833333333333334,0.3,13.6,8.083333333333334,43.06666666666667,41,0.3072369236624867,0.6249324287797365,131,3.4285714285714302,5,5,3,4.5,1.6000000000000001,2,5
1,5f89953eb56bbf054cb0bcb1,21,Male,0.4375,0.630291209565102,0.5374302005153773,0.9674215661017014,-0.47914349450561344,-0.4837107830508507,0.7727272727272727,0.8333333333333334,0.5833333333333334,0.5,17.933333333333334,27.916666666666668,32.4,36.916666666666664,0.2956187007035152,0.19631687984657822,103,3.1428571428571401,3.6666666666666701,2,1,5,3,2.25,3.3333333333333299
1,5f8dc1c0fa4f8b10f4588c1f,21,Male,0.575,0.443033540203384,0.07336884456722037,0.9674215661017014,-0.7111741724796918,-0.4837107830508507,0.7727272727272727,0.8333333333333334,0.75,0.5,31.4,29.833333333333332,38.333333333333336,32.583333333333336,0.47598324568462264,0.015756989282448813,104,3.28571428571429,1.6666666666666701,3,3.3333333333333299,2.5,2.2000000000000002,1.5,4.6666666666666696
1,5fa4429772cc3d073ff3eaea,20,Male,0.48125,0.3808997767521628,0.8863751678455887,0.2822161470625082,-0.6536159781707191,-0.1411080735312541,0.8636363636363636,0.6111111111111112,0.5833333333333334,0.5,17.133333333333333,18.916666666666668,36.2,33.583333333333336,0.4446724742183571,-0.49736995198658707,128,4,3,4.2000000000000002,1.8333333333333299,4,3,4,4
1,5fa442c874ac28076aa20c09,20,Male,0.3875,0.36197070452248714,0.5374302005153773,0.4430210533936607,-0.47914349450561344,-0.745911039404871,0.7727272727272727,0.8333333333333334,0.5833333333333334,0.7,9.733333333333333,15.25,35.666666666666664,42.333333333333336,-0.06484592068663815,0.31622776601683794,121,3.28571428571429,2.3333333333333299,3.6000000000000001,3.1666666666666701,4,3,2.75,4
1,5fa443d1077643078716035c,21,Male,0.5625,0.4092065881148213,0.44031251182715686,1.1138563105578192,-0.009727861665653731,-0.03252764257086893,0.5909090909090909,0.7222222222222222,0.4166666666666667,0.3,26.333333333333332,18.666666666666668,32.8,26.583333333333332,0.28376665370217025,0.4259099294193394,133,3.1428571428571401,4.3333333333333304,4.4000000000000004,3,4,2.3999999999999999,4.25,4.3333333333333304
1,5fa85a35ded6106d217ce895,18,Male,0.1875,0.4139580095005715,1.147278871188349,2.874770383567651,0.10085031460190724,-0.1558336262392246,0.6818181818181818,0.9444444444444444,0.25,0.1,26.266666666666666,21.833333333333332,35.06666666666667,35.416666666666664,0.20534044462791215,NA,121,3.4285714285714302,2.3333333333333299,3.2000000000000002,3.5,3,3.6000000000000001,3.5,3
1,5fabff7c85140a0e3001c16e,20,Male,0.4875,0.40189053355558685,0.5374302005153773,0.9674215661017014,-0.47914349450561344,-0.4837107830508507,0.7727272727272727,0.8333333333333334,0.5833333333333334,0.5,20.266666666666666,30.166666666666668,39.666666666666664,39.916666666666664,0.31612215139679783,0.4512651292943378,107,3.71428571428571,0.66666666666666696,3.3999999999999999,1.3333333333333299,3.75,3.2000000000000002,2.75,4
1,5fae6fbac1b83f30691f9878,27,Male,0.4,0.35535665860259624,0.8863751678455887,2.874770383567651,-0.6536159781707191,-0.1558336262392246,0.8636363636363636,0.9444444444444444,0.5833333333333334,0.1,32.06666666666667,27.833333333333332,45.46666666666667,47.666666666666664,0.6005527790134935,NA,134,4,2.6666666666666701,5,2.6666666666666701,4.25,2,3.75,5
1,5fb10211b87dfd52983f3d4e,23,Male,0.3625,0.4024266242999735,1.855783248092906,2.117619330731091,0.45510250305418576,-0.5344091526575047,0.6818181818181818,0.9444444444444444,0.08333333333333333,0.3,22.466666666666665,25.083333333333332,28.333333333333332,30.583333333333332,0.5455741818533641,0.3777025848392794,113,3.4285714285714302,2,3.7999999999999998,2.5,3.75,2.3999999999999999,3,3.3333333333333299
1,5fb1bda4dc80b7701dea5a79,22,Female,0.3,0.42789226553888043,0.9582869890112268,0.8066166597705489,-0.2687151002576887,0.12109218282276624,0.7727272727272727,0.6111111111111112,0.4166666666666667,0.3,25.666666666666668,37.583333333333336,36.53333333333333,35.916666666666664,0.34418951118656144,-0.37928949766452175,109,2.4285714285714302,3.3333333333333299,5,3,3,3.6000000000000001,0.75,2
1,5fb551451a66ba000910a3a6,20,Female,0.35,0.39896214480364683,2.130852721863941,0.4430210533936607,0.31756776616866833,-0.745911039404871,0.7727272727272727,0.8333333333333334,0.08333333333333333,0.7,21.333333333333332,18.416666666666668,32.266666666666666,33.166666666666664,0.5522792707933867,-0.009847558009919398,91,2,3.3333333333333299,4.2000000000000002,3.1666666666666701,2.5,1.2,1.5,1.6666666666666701
1,5fb624035aa84626a8ad3ef4,18,Male,0.375,0.3508839462892594,1.855783248092906,1.491822078809742,0.45510250305418576,-0.22151052669683036,0.6818181818181818,0.8333333333333334,0.08333333333333333,0.3,25,34.333333333333336,37.733333333333334,35.25,0.45992630452640515,0.48261615270194574,135,3.8571428571428599,4,4.2000000000000002,2.1666666666666701,3.75,3.7999999999999998,4,4
1,5fb680f7e13f87000aa59a9a,18,Female,0.3625,0.394603916333277,0.6832175152401919,2.117619330731091,-0.13118036337217126,-0.5344091526575047,0.6818181818181818,0.9444444444444444,0.4166666666666667,0.3,22.266666666666666,27.083333333333332,32.46666666666667,35.5,0.48740374520684054,-0.32163376045133846,99,2.1428571428571401,2,4.2000000000000002,3.3333333333333299,4,2,1.75,1.3333333333333299
1,5fbbbcecdc38cdd50ca5de38,18,Male,0.3875,0.25834363150297657,1.3072319563414383,-0.31412999944289943,-0.4431875839227944,-1.124486565823151,0.8636363636363636,0.8333333333333334,0.4166666666666667,0.9,25.933333333333334,28.083333333333332,40.266666666666666,35.25,0.45904934538591025,0.3451511645707565,115,2.8571428571428599,2.6666666666666701,3.7999999999999998,4,2.5,2.6000000000000001,3,3
1,5fbd03cda09555000ab2c633,19,Male,0.3125,0.30686555178809,0.8863751678455887,1.0688183053150093,-0.6536159781707191,-1.0588096653655454,0.8636363636363636,0.9444444444444444,0.5833333333333334,0.7,32.266666666666666,31.166666666666668,36.266666666666666,40.416666666666664,-0.5534727065962786,0.5550691859674163,138,3.71428571428571,3,4.5999999999999996,2.6666666666666701,4.25,3,4.5,4.6666666666666696
1,5fbf7fa14c6fbd262bc3b98c,22,Male,0.3,0.3418186156027495,2.130852721863941,1.59321881802305,0.31756776616866833,-0.796609409011525,0.7727272727272727,0.9444444444444444,0.08333333333333333,0.5,28.533333333333335,21.5,35.13333333333333,34,0.015546911189026829,0.7824607964359516,138,4.28571428571429,4,4.7999999999999998,3.5,4,1.8,3.5,4
1,5fc43adb778e6b3d7741da29,23,Male,0.5,0.41037113736907327,0.019455723331307323,1.59321881802305,-0.2201562559135785,-0.796609409011525,0.5909090909090909,0.9444444444444444,0.5833333333333334,0.5,27.2,31.25,29.866666666666667,36.333333333333336,0.6218165368503888,0.4089304100547653,129,3,4,4.5999999999999996,3.8333333333333299,3.5,3.6000000000000001,2.25,3
1,5fc5a4cf1fb5ab1303e116cf,19,Male,0.41250000000000003,0.442492469057571,1.147278871188349,2.874770383567651,0.10085031460190724,-0.1558336262392246,0.6818181818181818,0.9444444444444444,0.25,0.1,23,25.083333333333332,33.8,29.416666666666668,0.4833241482908956,NA,108,3.28571428571429,3.3333333333333299,3.2000000000000002,2.6666666666666701,3,1.8,3.25,3
1,5fc817dfca4665148a3a54f7,20,Female,0.32499999999999996,0.4855798900122852,1.855783248092906,0.8066166597705489,0.45510250305418576,0.12109218282276624,0.6818181818181818,0.6111111111111112,0.08333333333333333,0.3,27.266666666666666,26.083333333333332,38.4,38.25,-0.05797890810338323,0.2283540519853339,127,3.5714285714285698,3.6666666666666701,3.7999999999999998,2,4,3.3999999999999999,3.5,4.3333333333333304
1,5fcca076e2e6deaf9f1055d7,21,Male,0.5875,0.40840499897575777,0.07336884456722037,1.0688183053150093,-0.7111741724796918,-1.0588096653655454,0.7727272727272727,0.9444444444444444,0.75,0.7,24.4,26.166666666666668,35.333333333333336,35,0.5693626705138937,0.03969942227836091,117,3.1428571428571401,2.3333333333333299,4.2000000000000002,2.8333333333333299,3.25,2,3,5
1,5fd0c81fc79aef1882cbee94,21,Male,0.375,0.39933289841023556,1.4223483449593837,-0.24218436564553247,-0.036684422283610185,-0.40330832988527443,0.7727272727272727,0.6111111111111112,0.25,0.7,21.4,21.166666666666668,33.93333333333333,26.916666666666668,-0.10925954414773908,0.40886224624346607,103,2.5714285714285698,2.3333333333333299,3.3999999999999999,3.8333333333333299,2.75,2.2000000000000002,2.25,2.3333333333333299
1,5fd158f6df368812e9bd6597,23,Female,0.375,0.31723045875258266,1.147278871188349,1.1138563105578192,0.10085031460190724,-0.03252764257086893,0.6818181818181818,0.7222222222222222,0.25,0.3,5.933333333333334,7.833333333333333,41.13333333333333,40.916666666666664,0.3125190092224475,0.09298135910606155,96,1.8571428571428601,1.3333333333333299,3.7999999999999998,3.6666666666666701,3.5,2.2000000000000002,1.75,2
1,5fd8b84fc00bc805a29c16b0,21,Male,0.42500000000000004,0.39851967536856275,0.6832175152401919,1.59321881802305,-0.13118036337217126,-0.796609409011525,0.6818181818181818,0.9444444444444444,0.4166666666666667,0.5,20.866666666666667,22.166666666666668,39.13333333333333,39.833333333333336,0.34767314285352957,-0.009040615795395298,106,3.1428571428571401,2,2.2000000000000002,3.1666666666666701,3,3.2000000000000002,2.25,3.6666666666666701
1,5fdf808af53c7a7e9199b430,22,Male,0.06,0.29146994156386674,2.130852721863941,1.59321881802305,0.31756776616866833,-0.796609409011525,0.7727272727272727,0.9444444444444444,0.08333333333333333,0.5,25.266666666666666,25.583333333333332,31.733333333333334,39.916666666666664,-0.2815886179413489,-0.02509379692713452,97,2.28571428571429,2.6666666666666701,2.2000000000000002,3.3333333333333299,3.25,2.3999999999999999,2.75,2
1,5fe226313e41f75659e4029d,24,Female,0.625,0.4596490109402263,0.07336884456722037,0.4430210533936607,-0.7111741724796918,-0.745911039404871,0.7727272727272727,0.8333333333333334,0.75,0.7,20,21,39.53333333333333,35.916666666666664,0.2469898788661436,0.5127912718435773,112,2.8571428571428599,3.3333333333333299,3.6000000000000001,3,3.5,2.6000000000000001,2,3.6666666666666701
1,5ff797b72ac13349beac1906,21,Male,0.32499999999999996,0.4731061581654468,1.4223483449593837,1.563767712607109,-0.036684422283610185,0.4996677092410463,0.7727272727272727,0.6111111111111112,0.25,0.1,21.533333333333335,27.5,39.733333333333334,35.333333333333336,0.19801146055051078,0.6444352288213657,112,3.4285714285714302,1,3.3999999999999999,3.3333333333333299,3.75,2.7999999999999998,2.75,2.6666666666666701
1,5ffb92849f1215620c066755,NA,NA,0.575,0.5367394117529065,1.3829941271006387,0.5244005127080407,0.6914970635503194,0.26220025635402033,0.5,0.5,0.08333333333333333,0.3,34.666666666666664,29.5,39.333333333333336,32.5,-0.5403595256756533,0.49523900192134024,145,4,4.3333333333333304,4.4000000000000004,3.1666666666666701,3,4.2000000000000002,4,4.6666666666666696
1,5ffbb9b7fded4e0db634884f,47,Male,0.25,0.30892745842628144,1.4223483449593837,2.874770383567651,-0.036684422283610185,-0.1558336262392246,0.7727272727272727,0.9444444444444444,0.25,0.1,18.866666666666667,25.916666666666668,36.06666666666667,35,0.18298699461484152,NA,125,3.71428571428571,3.3333333333333299,3.6000000000000001,1.6666666666666701,4.75,3.7999999999999998,3.5,3
1,6001bef6297b5c0f7f6d089b,19,Male,0.7875000000000001,0.38892131231605753,0.019455723331307323,0.2822161470625082,-0.2201562559135785,-0.1411080735312541,0.5909090909090909,0.6111111111111112,0.5833333333333334,0.5,32.733333333333334,26.666666666666668,40.6,36.833333333333336,0.10881369050065916,0.28053658600097403,124,3.5714285714285698,2.6666666666666701,3.6000000000000001,3.3333333333333299,4,3.3999999999999999,2.25,3.6666666666666701
1,60026ffbf37ef427e9384f56,21,Female,0.33749999999999997,0.49239821834194725,0.4223138118974318,2.117619330731091,-0.8856466561447975,-0.5344091526575047,0.8636363636363636,0.9444444444444444,0.75,0.3,27.733333333333334,31.666666666666668,34.06666666666667,38,0.2328261851488675,0.18151286139819164,73,1.8571428571428601,1.3333333333333299,2.2000000000000002,1.3333333333333299,3.5,3.6000000000000001,1,0.33333333333333298
1,6003a4d15db9c84939fe58c0,19,Male,0.275,0.4066943914724777,1.6128782446798708,2.874770383567651,0.5765550047607033,-0.1558336262392246,0.5909090909090909,0.9444444444444444,0.08333333333333333,0.1,22.666666666666668,25.666666666666668,32.333333333333336,32.75,0.03719869616755483,NA,104,2.28571428571429,1.6666666666666701,2.6000000000000001,3,3.25,3.2000000000000002,2.75,4
1,6005fc57a567db91e6517a98,21,Female,0.5,0.258203060695662,1.0161318793888166,2.117619330731091,-1.18255568989049,-0.5344091526575047,0.9545454545454546,0.9444444444444444,0.75,0.3,37.13333333333333,32.083333333333336,47.6,48.416666666666664,0.05215946710697518,-0.11552553648605637,126,3.28571428571429,2.6666666666666701,4.2000000000000002,2.5,4,3.3999999999999999,3.5,4
1,600a9a365a7dd90b5b3cb46d,21,Male,0.3,0.4273328276689467,2.130852721863941,1.1138563105578192,0.31756776616866833,-0.03252764257086893,0.7727272727272727,0.7222222222222222,0.08333333333333333,0.3,9.2,19.166666666666668,36.06666666666667,30.333333333333332,0.2272296156064184,0.5347485453633226,110,3.71428571428571,1,3.3999999999999999,3,3.75,2.3999999999999999,2,3.6666666666666701
1,600c58a1c1179c3750f481ba,21,Male,0.275,0.345678258169737,1.4223483449593837,1.8710073633943793,-0.036684422283610185,0.34604788384741114,0.7727272727272727,0.7222222222222222,0.25,0.1,15.466666666666667,21.333333333333332,44.46666666666667,44.166666666666664,0.16562667980716833,0.010145620130034153,126,4,1,3.7999999999999998,2,3.75,3.7999999999999998,3.75,5
1,600f19f86c22e609bc79b122,24,Male,0.625,0.4658597537287793,0.4223138118974318,0.06505528514173786,-0.8856466561447975,-0.5569281552789096,0.8636363636363636,0.7222222222222222,0.75,0.7,24.733333333333334,20.666666666666668,48.46666666666667,41.083333333333336,-0.19801116080748704,0.29859736220429445,99,3,0,4.2000000000000002,3,5,1.3999999999999999,1.25,2.3333333333333299
1,6011eda77d69161e9471486f,20,Male,0.42500000000000004,0.41702094695488257,1.3072319563414383,0.9674215661017014,-0.4431875839227944,-0.4837107830508507,0.8636363636363636,0.8333333333333334,0.4166666666666667,0.5,19.333333333333332,16.666666666666668,37.8,35.833333333333336,0.5055134247452553,0.4612856342206753,108,4.1428571428571397,2,3.6000000000000001,1.3333333333333299,4.25,3.6000000000000001,1.25,2.3333333333333299
1,60130623e800da135c1f0957,23,Female,0.575,0.47918643066684596,0.6832175152401919,0.9674215661017014,-0.13118036337217126,-0.4837107830508507,0.6818181818181818,0.8333333333333334,0.4166666666666667,0.5,19.333333333333332,23.75,40.8,36.083333333333336,0.38802053249473123,0.44952721595074013,123,4.4285714285714297,2.6666666666666701,4.5999999999999996,2.5,4.5,1.8,2.75,2.6666666666666701
1,60130bd289b4b215f94d9979,24,Female,0.6,0.5729798119991882,0.4223138118974318,-0.31412999944289943,-0.8856466561447975,-1.124486565823151,0.8636363636363636,0.8333333333333334,0.75,0.9,42.13333333333333,39.833333333333336,47.2,43,0.35355339059327373,0.14463781266425538,152,4.5714285714285703,5,4.7999999999999998,1.5,4.75,4.7999999999999998,4,4.3333333333333304
1,60130d34aa5637149b0650b8,20,Male,0.53125,0.4333164069948825,-0.635135532337336,0.3116672524784492,-1.06542636093197,-1.4373851917838254,0.7727272727272727,0.9444444444444444,0.9166666666666666,0.9,15.333333333333334,13.416666666666666,14.933333333333334,28.25,-0.12794620641052495,0.29581128242246363,105,3,1.6666666666666701,2.6000000000000001,3.5,3.5,3.6000000000000001,2.25,1.3333333333333299
1,6014319e270fe939a04f9750,31,Male,0.08,0.45167548125448354,2.130852721863941,1.0688183053150093,0.31756776616866833,-1.0588096653655454,0.7727272727272727,0.9444444444444444,0.08333333333333333,0.7,9.466666666666667,8.666666666666666,35.2,37,-0.20379780746092094,0.24359801712021095,90,2.28571428571429,0.66666666666666696,3,4,5,1.6000000000000001,0.25,1.3333333333333299
1,6016ba8ce6b0ba86d3a17b74,20,Female,0.48125,0.36198835598445656,1.147278871188349,1.491822078809742,0.10085031460190724,-0.22151052669683036,0.6818181818181818,0.8333333333333334,0.25,0.3,20.066666666666666,22,33.333333333333336,36.333333333333336,0.1662309511282188,0.22798775683397351,110,2.1428571428571401,1.6666666666666701,4.4000000000000004,4.6666666666666696,4,1.3999999999999999,2.5,2.3333333333333299
1,6017caf9453264a3efcd2803,18,Male,0.42500000000000004,0.21929509987351858,0.8863751678455887,-0.31412999944289943,-0.6536159781707191,-1.124486565823151,0.8636363636363636,0.8333333333333334,0.5833333333333334,0.9,19.533333333333335,22.083333333333332,29,30,-0.11594303556667497,0.11483385035264289,97,3.1428571428571401,2.6666666666666701,3.3999999999999999,2.5,3,2,2,1.6666666666666701
1,60187fbfd164e313ff38b19a,28,Female,0.6125,0.4983854420068903,0.07336884456722037,1.1138563105578192,-0.7111741724796918,-0.03252764257086893,0.7727272727272727,0.7222222222222222,0.75,0.3,38.6,28.666666666666668,41.666666666666664,37.666666666666664,0.3851475140708254,0.5251641394443731,124,3.4285714285714302,3.3333333333333299,4.2000000000000002,4.1666666666666696,3.75,2,2.75,2.6666666666666701
1,6018884fad6cff1566c5d320,19,Male,0.32499999999999996,0.35477461267065596,1.147278871188349,-0.31412999944289943,0.10085031460190724,-1.124486565823151,0.6818181818181818,0.8333333333333334,0.25,0.9,8.933333333333334,8.166666666666666,33.333333333333336,31.416666666666668,0.3273482009662666,0.3130172862893507,110,2.5714285714285698,2.3333333333333299,4,3.8333333333333299,3.5,2,1.25,4.3333333333333304
1,601952130cd928000a796a8b,19,Male,0.35,0.4108097640090753,1.771293312289595,0.5894557978497785,-0.2111569059487159,-0.29472789892488926,0.8636363636363636,0.7222222222222222,0.25,0.5,23.533333333333335,28.5,36,35.166666666666664,0.09475941906084208,0.06852551833096314,96,2.28571428571429,3.6666666666666701,2.7999999999999998,1.6666666666666701,3.5,2.6000000000000001,0.75,5
1,601aa1c8807fad30155da099,18,Male,0.42500000000000004,0.45306355977765156,0.9582869890112268,0.2822161470625082,-0.2687151002576887,-0.1411080735312541,0.7727272727272727,0.6111111111111112,0.4166666666666667,0.5,16.666666666666668,24.916666666666668,21.733333333333334,25.25,-0.08092321075110119,-0.18111018714449514,118,3.8571428571428599,1.6666666666666701,3.6000000000000001,2,4,3.6000000000000001,2.75,3.6666666666666701
1,601b15a943f34247d7fef14b,20,Male,0.1625,0.42723952999556253,1.855783248092906,2.874770383567651,0.45510250305418576,-0.1558336262392246,0.6818181818181818,0.9444444444444444,0.08333333333333333,0.1,20.266666666666666,14,32.93333333333333,39.25,0.32184954736741594,NA,140,4.4285714285714297,4,5,3,3,3.6000000000000001,3.5,3.3333333333333299
1,601b3de52b5f814e487953d5,23,Female,0.2875,0.6248451516893638,1.4223483449593837,2.248973131646302,-0.036684422283610185,0.15706499972144972,0.7727272727272727,0.8333333333333334,0.25,0.1,26.266666666666666,26.833333333333332,31.533333333333335,33.25,0.5227577506187789,0.2448186321891819,113,3.28571428571429,1.6666666666666701,3.3999999999999999,2.6666666666666701,2.75,2.7999999999999998,4,3.6666666666666701
1,601c12364879f66821bae819,25,Female,0.375,0.37503739637934874,1.4223483449593837,1.0688183053150093,-0.036684422283610185,-1.0588096653655454,0.7727272727272727,0.9444444444444444,0.25,0.7,31.333333333333332,30.333333333333332,40.46666666666667,36.75,0.45485158495963873,-0.6294651817966896,128,4,3.3333333333333299,4.2000000000000002,2,3.75,3.2000000000000002,3.75,3.6666666666666701
1,6024c1edf9b0e11f13c59cbd,20,Male,0.7,0.5607532428076052,-0.2861905650071246,1.0688183053150093,-1.2398988445970758,-1.0588096653655454,0.8636363636363636,0.9444444444444444,0.9166666666666666,0.7,24.6,22.25,41.53333333333333,39.416666666666664,0.4152832056528331,0.26074942060986417,130,3.5714285714285698,2.6666666666666701,4.2000000000000002,2.1666666666666701,3.5,4.2000000000000002,3.5,4.6666666666666696
1,6025ccb2634da61eb0639361,22,Male,0.5875,0.6385369846162353,1.1531100095214066,0.24218436564553258,0.8064391223399354,0.4033083298852744,0.4090909090909091,0.3888888888888889,0.08333333333333333,0.3,25.8,22.916666666666668,44.2,44.333333333333336,0.25876058740066626,0,113,2.8571428571428599,3,3.7999999999999998,3.3333333333333299,3,2.6000000000000001,3,2.6666666666666701
1,602a86475f6c240a3e3ba0aa,32,Female,0.5,0.5279318128092116,0.07336884456722037,1.491822078809742,-0.7111741724796918,-0.22151052669683036,0.7727272727272727,0.8333333333333334,0.75,0.3,28.4,25,41.6,41.75,-0.35139096424936367,0.13483997249264842,110,2.1428571428571401,2,4,2.6666666666666701,3.75,3.3999999999999999,3.5,2.3333333333333299
1,602e364ccb3b6f928c4d031d,18,Female,0.1625,0.4719369913062611,1.4223483449593837,2.248973131646302,-0.036684422283610185,0.15706499972144972,0.7727272727272727,0.8333333333333334,0.25,0.1,20,18.083333333333332,39.333333333333336,40.75,-0.039187071026379805,0.3307886390588782,81,2.5714285714285698,1.6666666666666701,2.6000000000000001,1.6666666666666701,1.75,1.8,1,5
1,602e8bfb4ae791a0a195efa9,34,Male,0.25,0.4514583625001731,2.130852721863941,1.491822078809742,0.31756776616866833,-0.22151052669683036,0.7727272727272727,0.8333333333333334,0.08333333333333333,0.3,8.866666666666667,17.5,38.8,42,0.1733963436695874,0.6189615953065101,133,3,1.3333333333333299,4.5999999999999996,4.8333333333333304,3.25,3,3.75,4.3333333333333304
1,60319ba5f0323312eb494ee9,21,Male,0.675,0.37515183051438117,0.5374302005153773,0.8066166597705489,-0.47914349450561344,0.12109218282276624,0.7727272727272727,0.6111111111111112,0.5833333333333334,0.3,21,28.416666666666668,43.46666666666667,43.666666666666664,-0.028671308481260857,0.6928465180980945,107,2.4285714285714302,1.6666666666666701,4,2.1666666666666701,4.25,3.2000000000000002,2.5,3
1,603ac8c8ecb86c6cfa1948a5,21,Male,0.08,0.35319620221338777,1.4223483449593837,2.117619330731091,-0.036684422283610185,-0.5344091526575047,0.7727272727272727,0.9444444444444444,0.25,0.3,30.266666666666666,25.666666666666668,33.666666666666664,34.666666666666664,0.3717891627584563,0.5578876764255496,115,2.71428571428571,1.3333333333333299,4,2.3333333333333299,3.25,3.6000000000000001,4.25,3.3333333333333299
1,603bda07e210508fb0167ea7,20,DATA EXPIRED,0.35,0.3400130341232212,0.9582869890112268,0.8066166597705489,-0.2687151002576887,0.12109218282276624,0.7727272727272727,0.6111111111111112,0.4166666666666667,0.3,32.86666666666667,42.416666666666664,33.06666666666667,43.666666666666664,-0.03338561474472321,-0.22580645161290322,115,3.1428571428571401,4,3,2,3.75,2.7999999999999998,4,3
1,603c0b4f2aefd1966cb044ff,27,Male,0.925,0.4557436425627858,-0.6744897501960817,0.9674215661017014,-0.33724487509804085,-0.4837107830508507,0.5,0.8333333333333334,0.75,0.5,26.733333333333334,32.166666666666664,39.06666666666667,39.75,-0.1922907107462386,0.379967293822961,125,3.1428571428571401,4.3333333333333304,3.2000000000000002,3.3333333333333299,2.75,3.2000000000000002,3.25,4.6666666666666696
1,603cbcc03d9b16a916aa0f68,19,Male,0.375,0.373510372035892,1.4223483449593837,1.59321881802305,-0.036684422283610185,-0.796609409011525,0.7727272727272727,0.9444444444444444,0.25,0.5,22.666666666666668,22.083333333333332,31.8,32.666666666666664,0.5594052355477012,0.25012994889554657,115,3.71428571428571,1.6666666666666701,3,2,3.5,3.2000000000000002,3.75,4
1,603e2ce1158dc4e1ea1236bb,20,Male,0.475,0.309061257123588,0.5374302005153773,2.248973131646302,-0.47914349450561344,0.15706499972144972,0.7727272727272727,0.8333333333333334,0.5833333333333334,0.1,23.133333333333333,24.083333333333332,34.06666666666667,37.5,0.6553738483948107,0.7222227267680051,108,3.71428571428571,2.6666666666666701,2.7999999999999998,2.3333333333333299,3.75,2.6000000000000001,3.5,1.3333333333333299
1,603ec544f27612e32b690e90,24,Male,0.625,0.3269484017946103,0.5374302005153773,0.5894557978497785,-0.47914349450561344,-0.29472789892488926,0.7727272727272727,0.7222222222222222,0.5833333333333334,0.5,28.266666666666666,32.083333333333336,40.13333333333333,33.583333333333336,0.5976068425257364,0.2645042912289503,118,3.28571428571429,1.6666666666666701,4,2.8333333333333299,3.25,4,2.25,3.6666666666666701
1,60412386593ada0624c1e3bd,23,Male,0.35,0.356883682946053,2.130852721863941,2.117619330731091,0.31756776616866833,-0.5344091526575047,0.7727272727272727,0.9444444444444444,0.08333333333333333,0.3,25.8,26.416666666666668,33.4,32.083333333333336,0.12497343534132155,0.7163208489960631,108,3,2,2.7999999999999998,3.5,2.5,2.7999999999999998,2.5,4
1,60416e49cd2c5e13e84ec4eb,18,Male,0.45,0.48150927299729346,0.9043738677753139,2.248973131646302,0.22230281630842477,0.15706499972144972,0.5909090909090909,0.8333333333333334,0.25,0.1,23.333333333333332,22.583333333333332,36.13333333333333,35.333333333333336,0.575082274301649,0.6086765038898856,118,3.8571428571428599,2,5,2.6666666666666701,3.75,1.6000000000000001,1.5,5
1,6045523b4ee2ab66de9b429e,33,Male,0.3,0.34587683666309477,1.771293312289595,2.117619330731091,-0.2111569059487159,-0.5344091526575047,0.8636363636363636,0.9444444444444444,0.25,0.3,21.2,23.166666666666668,44.46666666666667,39.916666666666664,0.5475772911903469,0.19222140227312304,132,3.8571428571428599,2.6666666666666701,4,2.1666666666666701,4.75,4,3.5,3.6666666666666701
1,60455b1578f6f36a3e8ea81c,34,Male,0.675,0.36582292859053656,-0.20170062920381449,0.4430210533936607,-0.5736394355941745,-0.745911039404871,0.6818181818181818,0.8333333333333334,0.75,0.7,20.466666666666665,24.25,32.8,31.083333333333332,0.08403069556091936,0.08377378113133926,97,1.4285714285714299,1.3333333333333299,3.2000000000000002,4.5,4,2.3999999999999999,1.5,2
1,604676221f6e9802fa64859a,23,Male,0.525,0.4770586871911031,0.2623607267443424,0.9674215661017014,-0.341608757620096,-0.4837107830508507,0.6818181818181818,0.8333333333333334,0.5833333333333334,0.5,17,13.75,43.6,43.833333333333336,0.11435229302667291,-0.3950561531755324,114,3.28571428571429,2.3333333333333299,3,3.1666666666666701,2.75,2.7999999999999998,3.25,4
1,6046fd9e17b0fd17e02e80f2,23,Male,0.56875,0.41804328590447876,0.07336884456722037,0.9674215661017014,-0.7111741724796918,-0.4837107830508507,0.7727272727272727,0.8333333333333334,0.75,0.5,23.8,26.083333333333332,48.93333333333333,49.916666666666664,0.2540839030242197,-0.17407765595569785,113,4,0.33333333333333298,3.7999999999999998,2.3333333333333299,4,2,2.75,4.6666666666666696
1,6048afad9aae3acb89a0082f,40,Male,0.42500000000000004,0.3580500561349689,1.3072319563414383,-0.31412999944289943,-0.4431875839227944,-1.124486565823151,0.8636363636363636,0.8333333333333334,0.4166666666666667,0.9,24.6,24.166666666666668,37.8,33.916666666666664,0.7282514890371394,0.6804841730953726,123,3.8571428571428599,2.3333333333333299,4.2000000000000002,1.6666666666666701,3.75,3.7999999999999998,3.75,3
1,60496034c894d8f97961556b,NA,NA,0.1625,0.3378525123833213,1.3072319563414383,0.06505528514173786,-0.4431875839227944,-0.5569281552789096,0.8636363636363636,0.7222222222222222,0.4166666666666667,0.7,23.666666666666668,23.583333333333332,45.93333333333333,42.5,0.2473397838412133,0.33632060000579556,123,3.5714285714285698,2.3333333333333299,4,2,5,2.7999999999999998,3,4.3333333333333304
1,604b528b7157641182893d4b,22,Female,0.75,0.4456520508783846,0.2623607267443424,1.1138563105578192,-0.341608757620096,-0.03252764257086893,0.6818181818181818,0.7222222222222222,0.5833333333333334,0.3,21.2,21,43.86666666666667,40.416666666666664,0.29427212694776567,-0.5605150801450882,129,3.28571428571429,4,3.2000000000000002,2.1666666666666701,4.5,3.7999999999999998,3.5,4.6666666666666696
1,604e1ebe318be6a598a39546,21,Male,0.1625,0.3419280473321131,1.901050023832823,0.9674215661017014,-0.7400966176684869,-0.4837107830508507,0.9545454545454546,0.8333333333333334,0.4166666666666667,0.5,19.4,17.166666666666668,31.933333333333334,33.083333333333336,0.15414305306320697,0.7075094386881094,124,3.5714285714285698,2,3.7999999999999998,2.8333333333333299,4,4,3.25,2.6666666666666701
1,6050bb341930f85be56dbfc5,32,Female,0.3,0.33592880430184174,1.4223483449593837,-0.31412999944289943,-0.036684422283610185,-1.124486565823151,0.7727272727272727,0.8333333333333334,0.25,0.9,25.733333333333334,24.333333333333332,32.93333333333333,30.083333333333332,0.15219903036948088,0.49159549446111406,83,1.4285714285714299,1.6666666666666701,3.2000000000000002,2.1666666666666701,3.25,1.8,2,3
1,60533ef7f81e90e0fe234d2e,24,Male,0.35,0.4363299454364317,1.147278871188349,0.9674215661017014,0.10085031460190724,-0.4837107830508507,0.6818181818181818,0.8333333333333334,0.25,0.5,18.8,16.833333333333332,32.46666666666667,40.916666666666664,0.8549570885684648,-0.03832008326196736,137,3.5714285714285698,2.6666666666666701,4,2.6666666666666701,4.5,4.4000000000000004,4,4
1,60577afcd328f5d8967740a3,22,Female,0.275,0.5468217916362276,1.855783248092906,2.248973131646302,0.45510250305418576,0.15706499972144972,0.6818181818181818,0.8333333333333334,0.08333333333333333,0.1,24.133333333333333,24.166666666666668,31.8,35.25,0.1572070363806331,-0.04991917787118982,102,2.4285714285714302,2,3,2,3.75,4,2.25,2.6666666666666701
1,6059b6b49bfce45fa1cdf259,23,Male,0.2,0.37490896131714946,1.4223483449593837,2.117619330731091,-0.036684422283610185,-0.5344091526575047,0.7727272727272727,0.9444444444444444,0.25,0.3,17.533333333333335,2.6666666666666665,35.2,39.333333333333336,0.247888307434236,-0.2695271373736408,112,2.5714285714285698,1.3333333333333299,4.5999999999999996,3.3333333333333299,3.75,2.2000000000000002,2.5,3.6666666666666701
1,605c5c2237a1b2b13fdec94a,NA,NA,0.50625,0.35726810801828396,0.5374302005153773,1.59321881802305,-0.47914349450561344,-0.796609409011525,0.7727272727272727,0.9444444444444444,0.5833333333333334,0.5,21.2,21.916666666666668,40.8,42.75,-0.07042434620101079,0.11289050040067,102,2.71428571428571,1.6666666666666701,3,2.8333333333333299,3.75,3.2000000000000002,1.75,2.6666666666666701
1,605c9267340e22bf257c7121,19,Male,0.8,0.5789681394663417,0.2104283942479247,0.5244005127080407,0.10521419712396235,0.26220025635402033,0.5,0.5,0.4166666666666667,0.3,20.533333333333335,19.416666666666668,38.46666666666667,33.416666666666664,0.48475104475593833,0.1594265380820628,129,3.4285714285714302,3,4.4000000000000004,3.1666666666666701,3.5,3.2000000000000002,3.25,4
1,605cb84d3d0c0d587aa464be,19,Male,0.3,0.38241490064130995,2.130852721863941,0.4430210533936607,0.31756776616866833,-0.745911039404871,0.7727272727272727,0.8333333333333334,0.08333333333333333,0.7,12.4,11.75,36,38.666666666666664,0.5284229075567874,0.2742421241031599,118,2.1428571428571401,2,3.3999999999999999,3.6666666666666701,3.75,3.3999999999999999,3,4.6666666666666696
